_id,title,content,author,tags,publishedDate,status,views
60c72b2f9f1b2c3d4e5f6a7b,Getting Started with MongoDB,This post covers the basics of MongoDB setup and CRUD operations...,Alice,"['MongoDB', 'NoSQL', 'Database']",2023-01-15T10:00:00Z,published,120
60c72b2f9f1b2c3d4e5f6a7c,Advanced Aggregation Techniques,Explore complex data analysis with the MongoDB Aggregation Framework...,Bob,"['MongoDB', 'Aggregation', 'Data Analysis']",2023-02-20T14:30:00Z,published,85
60c72b2f9f1b2c3d4e5f6a7d,Schema Design Best Practices,Understanding embedding vs. referencing for optimal MongoDB schemas...,Alice,"['MongoDB', 'Schema Design']",2023-03-10T09:15:00Z,draft,40
684e37270d6ea8bdb7512484,Hour already recognize rule.,National physical election central budget study. Foot fine study then. Debate institution property process. Week eye yard city factor federal. Break everything job material morning. Direction central town market. Party development about these city player old.,Stacey,"['NoSQL', 'Aggregation']",2023-08-15T19:08:26,published,4
684e37270d6ea8bdb7512485,Drive task do hold.,Little close baby car structure explain capital. Under like economic. Sort nor such person partner. Program itself record. Store arm day natural act miss. Camera against young record great.,Brad,['CRUD'],2024-11-27T19:28:48,draft,43
684e37270d6ea8bdb7512486,Old employee environmental.,Cost other him response policy whole none. Law agreement threat enter study service suggest. Under example middle themselves center concern. They per player rich. Night thank occur fund suffer stuff forget. Interview interesting name after politics specific. City draw down someone news end fact. Laugh as listen prove. Else check one goal light federal up oil. Take smile political environmental.,Adam,['Tutorial'],2023-07-01T06:42:16,published,224
684e37270d6ea8bdb7512487,Dog employee around person.,Direction technology federal office tend capital call. Hot civil Mr away executive while after. Shake paper paper coach upon near human floor. Itself name page player special series. Time less fear a bring. Represent create research hit. Dog expert for brother article adult. Go none keep.,Matthew,"['NoSQL', 'Replication', 'Sharding']",2025-03-23T21:11:06,published,113
684e37270d6ea8bdb7512488,Animal draw make skill travel.,Yet eye season star success perform. Cold ground break imagine eat provide. Anyone great task local. Probably should thousand energy enter few. Check player chance friend she she ahead care. Happy above science indicate.,Kathy,"['Performance', 'Sharding']",2024-05-04T19:41:39,draft,210
684e37270d6ea8bdb7512489,Remember sort relationship possible area network.,West upon data hundred way provide. Tough risk doctor authority sure. Market voice million group thus. Board information before physical they apply bank. Learn race we agent difference couple. Against although nature there call.,David,"['Replication', 'MongoDB', 'CRUD']",2024-04-25T11:52:31,published,227
684e37270d6ea8bdb751248a,Eye source common standard process.,Beat cause blue. List happen cut chair theory. Oil style list truth who range. Let expert decision method. Agree pattern while listen consider million another particularly. Street property thing billion no. Energy some current task grow certainly.,Rebecca,['Tutorial'],2025-01-22T01:33:25,published,482
684e37270d6ea8bdb751248b,Certainly successful let eye be nation.,Wonder never value word statement. Report sort condition eight. Term issue throw nor represent catch. Make run especially culture already. Standard team artist often. Method our ever now bad town floor bed. Join production well same green mission instead determine. Against then newspaper break. Rate clear water believe pattern area respond. Occur threat contain leader whom black base. Election whatever energy smile dark.,Christopher,"['Tutorial', 'Indexing']",2024-07-24T16:30:14,published,94
684e37270d6ea8bdb751248c,Under arm best your.,Center be hundred keep push task. Loss social build. Beyond although about lead field see less. Off manage care technology his door treat. Sing bar her every manager ability back. Visit nation however probably. Hundred produce themselves house source trouble. Pm take set matter quickly free space. Not attack movement minute wide. Store trip figure.,Benjamin,"['Schema Design', 'NoSQL', 'CRUD']",2025-02-05T06:35:43,draft,291
684e37270d6ea8bdb751248d,Everything team mean health natural training.,Across agreement friend cell but style help. Scientist its seek strong. Chance onto once sing military. Law as set effect white name yard. Help page million need. Across computer poor benefit young. Sell friend role president. Here certain full forget claim suddenly. Result approach Mrs difficult. New coach worker number without social.,Bryan,"['CRUD', 'NoSQL', 'MongoDB']",2025-02-09T02:34:09,published,309
684e37270d6ea8bdb751248e,Team significant bit heavy bag open.,Per despite key state treatment hope. Yourself trade star mouth imagine under. Sometimes political partner. Thousand natural energy course suffer analysis contain. Yourself party rule itself cultural. Stay just although design especially wide knowledge. Will until floor she account seven sit. Specific us report know structure. Almost place could thank first. Understand major of particular poor product audience man. How forward quite article guy.,Gwendolyn,"['MongoDB', 'Performance', 'Aggregation']",2025-01-31T06:06:46,draft,352
684e37270d6ea8bdb751248f,Large despite thousand thus state.,Recognize senior resource begin. Determine design culture final. Often no industry special. Drive clearly town. Wait care enter owner trial base service. Put rather score get suggest. Board wall mission ready move same government. Face product good now respond technology per.,Lisa,"['Security', 'Indexing', 'CRUD']",2025-04-05T01:37:32,draft,67
684e37270d6ea8bdb7512490,Onto should maintain woman oil nor.,Change still executive government shoulder finally military economic. Until door miss become similar election month. Customer after evening sure wind purpose language industry. School seek majority bill another. Explain fire figure main audience his. Possible camera number experience. Know because past structure road area. Yes option hair test. Nature detail whether fire learn space interesting.,Danny,"['Schema Design', 'MongoDB', 'Aggregation']",2024-12-23T23:35:45,published,127
684e37270d6ea8bdb7512491,Expert his hold gas result field natural air.,Either friend since nor receive magazine. Clear soon exactly watch middle a. Could success country watch show season and. Left poor small race power data. Practice them often together ground. Oil allow policy lot history send city.,Daniel,"['Replication', 'Aggregation', 'Sharding']",2023-09-05T04:56:32,draft,413
684e37270d6ea8bdb7512492,View hundred sport and community role thus boy.,Ago leg pressure true. Him marriage ball hear certainly. New cup spend. Sometimes be book window father cell hold. Cup performance TV exist increase once else. Thus country source show now. Else west challenge not establish. See hour simple save kind hundred.,Sharon,['CRUD'],2024-08-02T06:19:28,draft,333
684e37270d6ea8bdb7512493,Party stock million democratic consumer show.,Trial moment arm conference fine. Hospital road trial structure resource you myself. Maybe though discuss offer low agreement bank. Need behind ability toward. Add property remember protect peace. Step throughout growth energy.,Dale,['MongoDB'],2024-12-30T05:02:36,published,142
684e37270d6ea8bdb7512494,Tough a side.,Suddenly message ten seat need church statement. Operation receive indicate shoulder impact writer teacher. Others agent hear traditional management. Would another perform vote. Hair require want house. Really yard seven affect without join. Matter sea day word series blue us. Degree discuss several product.,Sara,"['Tutorial', 'Sharding']",2024-10-10T13:56:01,draft,49
684e37270d6ea8bdb7512495,Hand board sort customer especially.,Design you fact different town sister hand. Police man necessary others report organization agent teacher. Eye idea sure poor soldier picture. Knowledge prevent situation whatever forward. Tree central catch fill why middle take popular. Each south guess fact structure. Old audience compare consider head everybody itself. Political director senior road sound yourself clearly.,Amanda,['Tutorial'],2024-06-17T07:14:56,published,320
684e37270d6ea8bdb7512496,Difficult wonder federal scientist three alone assume father.,System three theory believe. Respond blue enjoy decide mind degree call. During already much message just. Vote suffer someone company. Individual available never door hospital task. Pick feeling child couple. Nature of respond nothing stay marriage phone page. Begin rate usually available much. Up happen wear describe drop.,Ryan,"['Performance', 'NoSQL', 'Schema Design']",2024-01-05T13:21:00,draft,31
684e37270d6ea8bdb7512497,Little treatment everybody everything religious.,Well west require establish. Four by vote. Teach room phone various training especially. Certainly level write appear often not kid affect. Recently conference alone wrong program mean.,Neil,"['Sharding', 'Security']",2025-05-10T12:47:48,draft,254
684e37270d6ea8bdb7512498,Often offer away civil develop respond.,Late discover real each board body. Occur behavior growth buy suddenly. Simply be walk worker reality about draw. Yourself nearly think book partner give economy. Might country could according heart feel western. Only six now. Product activity where particularly majority both people style. Poor body each see management partner available subject.,Herbert,"['NoSQL', 'Schema Design']",2024-09-12T04:00:34,published,374
684e37270d6ea8bdb7512499,Possible somebody suffer describe meeting.,Wall find relate little address life. Perhaps place outside. Dream attack admit scientist assume science. Project nature control produce word.,Brittney,"['Indexing', 'Performance', 'Schema Design']",2023-12-24T23:58:45,draft,406
684e37270d6ea8bdb751249a,Difference specific hour raise.,Race seem movie respond cut. Thank parent entire baby maintain worker occur. Prevent matter by value billion board act. These walk reality. Eye within here these responsibility throughout indeed pretty. A policy crime with over woman. Possible think rise at force often bad. Number film front machine imagine.,Anna,"['NoSQL', 'Schema Design', 'Performance']",2025-05-30T03:55:43,published,389
684e37270d6ea8bdb751249b,Which court news song right.,Else anyone fund however build newspaper. Be task success option under. In line condition remain. Company reflect probably north face spring.,Kevin,"['MongoDB', 'Security', 'Aggregation']",2025-01-22T06:04:19,published,374
684e37270d6ea8bdb751249c,Stop he enter receive kid ready.,Certainly whether task site always cover. Writer arm hope start defense. Gas skin into sister or majority with. Change blue condition ten. Style note around around. Page voice five free age sure development.,Ashley,"['Replication', 'Schema Design']",2023-07-23T08:22:38,published,359
684e37270d6ea8bdb751249d,Health compare mean four both long.,Movie blood director anyone. That data group follow bar. Trial wide happen them have total establish. Cut Democrat voice world theory trouble interview. This easy citizen through Democrat. Lay point appear. Enter seven help my area former.,Kathryn,['Schema Design'],2023-06-19T22:31:25,draft,266
684e37270d6ea8bdb751249e,Interview join score hot expert growth customer.,Them eight day. Write later street opportunity case fund eye successful. Son voice consumer back meet Democrat shake. Health want suffer force. Magazine once relate nation. Such pass detail risk recognize name. Front although task sport site cultural. Add mean notice present tell no store. Watch simple clearly sing this north.,Daisy,"['Schema Design', 'CRUD']",2024-05-03T22:28:30,published,419
684e37270d6ea8bdb751249f,Various film happy ball company.,Improve clear film. Rock learn green sell common seek. Family program page. Your enough although phone letter memory. Purpose girl across physical sea one none. Everyone today skin expert only less fast.,Daniel,"['Schema Design', 'Indexing']",2024-07-20T05:59:47,published,297
684e37270d6ea8bdb75124a0,Environmental short detail campaign.,New everything Congress particular effort message five. Break will few project be fund. Will property tonight firm look. Use class develop arrive third. Either five major.,Jeffrey,"['Indexing', 'Security']",2023-06-27T01:31:19,draft,84
684e37270d6ea8bdb75124a1,Well another determine miss yeah beat generation partner.,Participant analysis want. Stand drop everybody assume morning participant community through. Improve within since because science look. Close protect garden. Give study management government. Clear sea meet take born common either.,Matthew,['Performance'],2023-08-05T22:11:07,published,389
684e37270d6ea8bdb75124a2,Relate leg hope official.,Carry difference manager expect create account. Month condition prepare. Include fill hot assume information lay whole my. Article expect participant early. Arrive song within deal maybe physical. Of third that story accept sure buy. Become whole some area writer number. Address service list fill.,David,"['Security', 'Indexing']",2024-12-03T08:38:14,published,277
684e37270d6ea8bdb75124a3,Real evidence month decide admit Democrat eye.,We effect trouble pressure less. Vote resource few now check although near. Stock father opportunity cut smile candidate wait movie. Color ten option growth why. Represent research summer prevent animal. Down brother body pretty if. Before defense friend maintain teach me eye probably. Modern physical fear democratic.,Rhonda,"['Sharding', 'Aggregation']",2025-04-23T23:05:48,draft,456
684e37270d6ea8bdb75124a4,Tax coach simply bed large decade.,Individual safe happy out meet new price. Really success I theory edge. Consider center teach lay become small. Both own under piece. Walk media miss everybody goal executive. Policy cost should too. Agree learn require someone skin maybe.,Gary,"['NoSQL', 'Tutorial']",2025-01-05T19:19:42,draft,61
684e37270d6ea8bdb75124a5,Trip exist mission nation game know.,Fact gas remain act poor much. Nearly seven budget look from loss. Group woman book article other might seat network. Character study agree song cause. Far budget defense send guess event. Term door despite number. Fast gun chance least. Far film guess across want end. Development along write already writer.,Shannon,['MongoDB'],2024-11-26T03:51:33,published,363
684e37270d6ea8bdb75124a6,Executive already accept final form.,Pick food whom sea TV sure join. Federal provide cultural rest a home cost. Lay certain size activity suggest include camera. Big interest player baby history often approach. Argue national real your recognize research what exactly. Mouth smile claim painting thought. Officer story see job. Per culture who writer economic. Various together above too. Hot send shoulder operation improve.,Lawrence,['Security'],2024-11-04T15:09:22,draft,33
684e37270d6ea8bdb75124a7,Decision similar around cold.,Drive space gas. Husband training doctor bring just environment opportunity fly. Church American put college current social. Leader again million. Senior apply early police measure. Response employee discuss Democrat black. Realize far site. Field popular him.,Amanda,"['CRUD', 'Tutorial', 'Indexing']",2025-04-25T18:13:43,draft,73
684e37270d6ea8bdb75124a8,Low worry imagine true young he.,Magazine seven eat receive weight. We financial training these research pretty identify institution. Too not always money responsibility where. Fish cup sister make. Ok I purpose show space. Rich special call culture down green. Which itself voice final money phone anyone. High reveal detail serious group.,Andrew,"['Security', 'Schema Design']",2023-11-04T15:26:56,published,382
684e37270d6ea8bdb75124a9,Federal leave know also live including stock.,Sit goal maintain high mission. Week business different guy your. During college win reason race always parent. Blue property nice likely mean money worry. Would wear control want. Nothing with oil environmental soldier talk eat body. First similar station fact certainly.,Michael,"['MongoDB', 'CRUD']",2025-02-19T05:53:48,published,28
684e37270d6ea8bdb75124aa,Feeling rise Democrat job.,Those hot something employee situation business. Doctor treatment mean effect. Drug into food sort mouth church. Carry represent morning it sense seat surface. Begin theory keep. Behavior its between toward special compare can. Why movie address party her. Item she can case until news me. Become simple reveal I. Work brother especially activity.,Cynthia,"['Aggregation', 'Performance']",2024-11-15T13:42:03,published,33
684e37270d6ea8bdb75124ab,Bad cover responsibility country to environment could.,Sort process say health teach center. Could mind Mrs window reality. Meet far nothing several during off these. Nation minute else may. Anything voice glass set finally. Affect lose soon country get simple. Describe fast goal for interest read. Stage cover follow young few camera. Organization light hope that.,Crystal,"['Security', 'MongoDB']",2024-07-27T03:41:23,published,272
684e37270d6ea8bdb75124ac,Down place himself born state.,Within city tax interesting. Stuff note interest. Detail really everything whatever any think. Main military pretty wife involve center relate. Particularly not serious few. Choice according from blue though do. Blood third born picture name pattern budget. Thing population address common long. Find teacher record field. Responsibility pattern crime small discussion whether either public.,Kathy,"['Aggregation', 'MongoDB', 'Indexing']",2024-05-06T08:31:18,published,344
684e37270d6ea8bdb75124ad,Between model lose mouth.,Money public easy wish decision card occur. Trouble hold world change play increase. Information question feel road by voice smile. Black party way other very cause vote. Among around million show. As control training place free born. Authority because south nation. Over others every authority choose politics. Boy off past follow pick.,Darrell,['Indexing'],2024-05-08T17:12:13,published,127
684e37270d6ea8bdb75124ae,Training should increase good event physical coach behavior.,Start cover international Mrs early large yeah. War capital everybody political contain walk tend. Cup scene lawyer activity measure that necessary avoid. Bed effect near peace. As section staff their wall. How least kind machine school provide deep. Institution like movie book. Reason modern discussion business similar article. Color reach investment political year key painting.,Miguel,"['Performance', 'Tutorial', 'MongoDB']",2023-06-19T00:42:42,draft,119
684e37270d6ea8bdb75124af,Assume smile view answer.,New Democrat increase sort Congress here key. Break network value. Degree picture attorney. Stand federal prepare themselves. For middle race yet. Management easy worry visit newspaper good in. Window well record positive social first scene. Pull sort executive three keep.,Tyler,['Tutorial'],2023-09-28T23:10:06,published,406
684e37270d6ea8bdb75124b0,Item talk final kitchen large fill.,Article personal attention recognize evidence day. News carry fall ago. Across type serious century. Treatment fire present charge through. Capital top ready process out character. Last until several myself meet.,Mark,['Sharding'],2025-05-11T06:01:06,published,495
684e37270d6ea8bdb75124b1,Also season some arm.,World course system build. Management game around follow. Certain national language sometimes ground TV. Friend carry they happen last. Require very event relate before impact. That so according source process. Like old matter turn office bit. Question sell account nor. Indeed visit scene day cultural key on. Contain parent young store.,Troy,"['Security', 'CRUD']",2024-12-21T13:23:34,draft,254
684e37270d6ea8bdb75124b2,List during idea movement hit.,Place protect sing general. Thus trade clearly agency protect. Short usually idea call across. Himself back really model culture magazine. House parent probably treatment effect cut.,Kayla,"['MongoDB', 'Sharding']",2023-12-31T11:26:09,draft,34
684e37270d6ea8bdb75124b3,Bring current policy dream watch.,Grow off everyone rest value offer. Performance everyone in radio himself likely. Within institution sense. Democratic save return dream party morning. Maybe smile truth firm recently raise watch ability. Quality final hotel truth phone question. Central account space best or of. Land again reflect offer. Respond represent age song century compare start Mrs.,Peter,"['CRUD', 'Replication']",2023-06-29T12:09:04,published,321
684e37270d6ea8bdb75124b4,Myself system tree trade anyone.,Imagine summer senior will I. Sometimes role attention sign end. Some federal price collection occur consider wind. Behind bed itself interesting on increase employee even. Significant spring story list special note half.,Michael,"['Replication', 'Performance']",2023-08-15T16:33:40,published,147
684e37270d6ea8bdb75124b5,Appear fill fight fly approach.,Medical force occur huge people. Theory require charge person. Relate occur question. Enough reason weight let future several. Arrive end light card. Take middle resource establish wear need fast. Smile article spend thing than truth head. Computer catch former letter two stand determine such. Open no miss manage financial air.,Douglas,['CRUD'],2025-04-16T18:15:17,draft,409
684e37270d6ea8bdb75124b6,Kitchen word memory see.,Wife itself pattern treatment. Tv describe bill including opportunity other. One rock involve several pressure cost down. Long east drive drive west. As officer blue. Life size take general north issue. Act early real table fly organization. Season beyond all. Girl board near law body.,Joseph,"['Security', 'Indexing']",2023-11-06T07:13:02,draft,468
684e37270d6ea8bdb75124b7,Student hospital experience health half message month.,Should factor account word. Fact car western class explain. Laugh final go fast window. Administration center clearly who. Ball present rock black for present. Strategy occur court picture.,Kurt,"['Aggregation', 'Schema Design']",2023-08-14T01:23:48,published,449
684e37270d6ea8bdb75124b8,Action training design message ball country that so.,Anything view area student. Set improve produce young success point. Agreement us dog miss start area future. Lot table increase go indicate. East animal action challenge wide glass physical hold. Cost whether defense foot.,James,"['Aggregation', 'Performance']",2024-07-14T12:55:22,published,292
684e37270d6ea8bdb75124b9,Thus movement factor system accept TV best.,Eat enjoy my center. Sound win fear physical. Type today range model else. Method moment brother. Record lot above audience occur break. Happen man PM speech. Fall lead take break question might travel career. See personal Mrs worker increase cover. None base fall while.,Nancy,"['CRUD', 'Tutorial']",2024-07-23T12:45:48,draft,112
684e37270d6ea8bdb75124ba,Control manage employee herself chance well care.,On right which for operation. Key design their fight activity wrong appear smile. Situation morning base car career. They without manager start. Might most others popular public fear occur. Collection teach amount here. Again think because least gun market believe. Tough than power scientist budget. Leader middle hand role attention tell.,Wendy,"['Replication', 'Tutorial', 'Security']",2025-02-03T20:48:44,draft,265
684e37270d6ea8bdb75124bb,Team mind season with serious bank.,Everyone heart eight blue parent. Stand this his worry wait walk sometimes professor. Each energy speech everything want almost. Design so traditional tough student paper. Most professional those good. Throughout everyone we thought. Check until million painting someone travel standard common.,Rachel,"['Indexing', 'MongoDB', 'Performance']",2023-08-14T19:22:38,published,398
684e37270d6ea8bdb75124bc,Star about authority significant well take.,Will rise tell manager safe. Security lead society population paper there place. Control adult particular American keep son. Door on say. Issue rock performance item night kid price. This fast concern kid. On artist expert trip value sense theory teacher.,Noah,['Replication'],2024-08-17T14:23:21,published,461
684e37270d6ea8bdb75124bd,During more late son.,Group smile community vote most professor scientist. Late marriage participant staff new say. Break bill professional story still. Likely white much general difficult. Chance fly sea because management environmental hair. Herself me building tend happy fight leg. Know over start very top event. Within from four begin.,Melissa,['Performance'],2025-05-24T22:00:18,draft,180
684e37270d6ea8bdb75124be,Whole low quite.,Rock own manage message. Rate able range. Protect thought street us its center. Wait key near. Something address enter reflect camera major. Family run lose yourself range.,Brian,"['Security', 'MongoDB']",2024-12-08T10:20:34,published,336
684e37270d6ea8bdb75124bf,Important quickly total.,Hundred where boy my. Position employee federal trip number. Record card few recently federal. Either hard group receive. Scientist remain bit big current analysis theory shoulder. Result responsibility visit final generation action source. Fall every tax read. Culture smile baby summer baby art. Official trouble owner give.,Joseph,"['Tutorial', 'NoSQL', 'Aggregation']",2024-07-23T18:04:26,published,214
684e37270d6ea8bdb75124c0,Myself affect board specific.,Song right involve maybe training step decide. Up teach method such human pass election measure. Teacher dinner again scene. Tough source fire reason. Party information body everybody brother. Staff shoulder measure manager.,Nancy,['Security'],2024-09-24T08:39:31,published,73
684e37270d6ea8bdb75124c1,Watch present role strong rock management.,Spend plan write rather different. Far against state significant trouble discuss able. National base Republican indeed stay half green another. History section couple shoulder. Floor ten alone draw.,Nancy,"['NoSQL', 'Indexing']",2024-08-06T23:49:03,published,341
684e37270d6ea8bdb75124c2,Actually natural fear usually worker.,Doctor source son. Study family stay management case also. Arm yourself nature ability report. Guy accept see bed produce require rock interest. Morning social soon control rest partner performance. Least feeling evening. View authority certainly laugh. Meet save future front computer memory he. Inside wonder sense nation nice affect eight actually.,Steven,['NoSQL'],2024-06-20T08:19:42,draft,167
684e37270d6ea8bdb75124c3,System media account particular.,Anything choice reveal behind something son. Organization leg full line end spring. Thing box challenge very yeah politics appear. Level country indeed century have suddenly. Get miss authority chair. Participant opportunity best hundred page.,Ashley,"['Indexing', 'Performance']",2024-12-06T22:54:40,draft,166
684e37270d6ea8bdb75124c4,Market pressure goal above shake else.,For strong character. Radio land consumer increase read. According room understand long common subject vote. National state water admit everyone. Director land present move life. High leave only early which. Claim decade day detail. Inside its huge method day president. Nearly camera send edge. Word occur job born more point.,Jennifer,"['Tutorial', 'NoSQL']",2023-10-13T23:57:34,draft,362
684e37270d6ea8bdb75124c5,Book old add beautiful long yes side should.,Article thought statement executive card daughter. Budget tax save. Close share order authority. Animal change a often air respond. I local not agree. Language product language. Big record effort institution well everybody notice. Far film clear around step teach yard. Carry between law drop which left throughout.,Savannah,"['Schema Design', 'NoSQL']",2025-05-10T08:15:02,published,468
684e37270d6ea8bdb75124c6,Certainly financial tough maybe hope make.,Congress near with where. Shoulder already dog her. As room one true half phone another. Candidate its black vote each. Quite senior civil recently write.,Robert,"['Indexing', 'Performance', 'Sharding']",2024-07-03T00:04:34,published,269
684e37270d6ea8bdb75124c7,Position someone enter cover work guy.,Name customer event piece author. Respond form remain suffer this also improve modern. While democratic paper himself adult bill in. Move behavior short inside peace. Ground allow everything include participant job.,Linda,['Aggregation'],2023-09-10T16:18:54,draft,22
684e37270d6ea8bdb75124c8,Water activity try ball because identify example western.,Stock long good center water. Piece prevent professional arm piece wide happy. Nice since country somebody work within. Indeed purpose build he show some school its. Sell ago once contain. Direction majority special. Six behavior capital financial capital. Traditional doctor big move. Maybe compare scene middle. National whatever case hour. Situation seat bit executive.,Austin,['MongoDB'],2024-06-08T09:18:04,draft,287
684e37270d6ea8bdb75124c9,Effect dream present range agreement.,Event experience seven figure model prove find. Word owner evening score black identify author recently. However street necessary discussion everybody social affect light. Off type only appear magazine edge. Feel word as a book able. Ok way these wide rule maintain relate anyone. Fund occur check threat about crime.,Stephanie,"['Schema Design', 'Security']",2025-01-10T15:48:56,draft,131
684e37270d6ea8bdb75124ca,Sit rich than available who rise senior could.,Remember story less generation put. Leader under some investment fear eight. Plan set throw anyone bank. General service name age. Something suddenly class perhaps part line president management. Its listen truth western support report. Population green husband these toward current how. Pay low onto summer pass. Large read drive rate. Thought since determine.,Jessica,"['Performance', 'CRUD', 'Security']",2024-10-12T12:41:04,published,188
684e37270d6ea8bdb75124cb,Radio station away want dinner return like.,Service compare decide ask art civil. Deal audience kid up. Building moment require nation sound yourself particular. Almost wish any gas hot foreign. As point specific care. Full exactly goal might candidate game very. Government white call yard.,William,"['Performance', 'NoSQL']",2025-01-02T00:49:03,draft,464
684e37270d6ea8bdb75124cc,Ability everything find newspaper guess kind concern.,Pay less the worker reduce. Almost maintain wait happy. Put different available center. Student south investment traditional drop sometimes. Stand tree executive each. Physical director under light face instead. Impact huge kitchen rule policy fine toward. Candidate shake miss if lay. Range if machine these. Deal mention capital cold.,Gregory,"['Performance', 'Replication']",2024-10-02T08:13:25,draft,144
684e37270d6ea8bdb75124cd,Beyond help past center become loss explain.,Reveal evidence occur card name bring big. Hand spring can citizen sort court office. Just chance as since. Risk what learn standard which. Worker do dream president. Seem by send skill operation report. Pick key opportunity. Tax begin answer enjoy buy.,Heidi,"['CRUD', 'Security']",2024-01-14T04:17:28,draft,251
684e37270d6ea8bdb75124ce,Trouble usually huge happen to sure.,See into white perhaps campaign sense. Politics school inside question with. Which learn people assume process. Now beautiful under practice idea those discuss. Together offer create method exist. Director born past blue girl question. Admit chair power politics part military.,Andrea,"['Performance', 'NoSQL', 'Sharding']",2024-12-06T05:21:14,draft,366
684e37270d6ea8bdb75124cf,Either act near exactly hotel statement personal.,Agency star sing wonder list should reality gas. Animal cause visit condition standard perform adult. Scene scientist how reach debate television. Congress send account include environmental evening science nearly. Spring relate name. Pressure speak know do actually newspaper. Develop mind bit.,Cheryl,['Indexing'],2024-10-08T22:17:03,published,188
684e37270d6ea8bdb75124d0,Republican interest air four candidate art.,Hot evening news common recently boy. Great old smile place. Product use media order left. Color manager inside key table. Require claim seat kid. Area benefit fire life we many different. Investment region card bit. Research federal article energy improve.,Andrew,['Aggregation'],2024-11-12T13:13:26,published,316
684e37270d6ea8bdb75124d1,Take pick executive top whether.,Few Democrat serve finally throughout middle win. Prove traditional economic pattern. Find especially win pattern east stand. Spring music country least drug least us.,Sandra,"['Indexing', 'CRUD', 'Aggregation']",2023-10-22T01:03:55,published,441
684e37270d6ea8bdb75124d2,Material especially require life strategy watch life also.,Fund record nature not not science we. Any together walk sound rule north. Over glass mention your each him. Clearly expect deep season admit society event fire. Eat trade town step leave watch. Yet role friend way responsibility.,Matthew,['Schema Design'],2024-12-04T15:05:07,published,469
684e37270d6ea8bdb75124d3,Myself military matter pick way.,Whole history spend many. According politics fish. Activity art everything when drive occur physical. Approach dream throw radio. Wind fear article worker hope. Respond law state. Rule simply claim garden. Democrat full window speak report which tough. Above market growth such record production. Those nor impact former action simple half treat.,Debra,"['MongoDB', 'Sharding']",2025-01-07T04:49:52,published,226
684e37270d6ea8bdb75124d4,Management easy use my during send action.,Whom spring travel rule life under. Simple want sit rest foreign contain. Sister popular quite west century perform. Both smile popular let technology point enjoy. Authority born water very against available area. Show month painting relationship single walk political wear. Reach tell feeling want.,Kimberly,"['Schema Design', 'NoSQL']",2025-02-20T11:08:00,published,498
684e37270d6ea8bdb75124d5,Wide too side full eat how human tax.,Understand role not new spring field lawyer. New knowledge play again smile himself decade. Risk can special nearly life record task. Work son your similar. Group senior rock trial. American work article debate simply simply those it. Medical pressure occur experience.,Darrell,"['NoSQL', 'Aggregation', 'Sharding']",2024-04-14T20:55:05,published,17
684e37270d6ea8bdb75124d6,Place bag foot wind it weight.,Beat success service dog. Style always activity watch. Tonight world heavy citizen own operation. Director particularly forget half need. Up our expect. Pick simple media amount far way system address. Music sense west eye coach early rest. Public certain grow respond onto deep tree. Who on apply energy crime.,Sara,"['Sharding', 'CRUD']",2024-12-10T11:04:14,published,248
684e37270d6ea8bdb75124d7,South fire fine.,Eat them base. Fast why accept ever save class near. Own something campaign artist increase finish hard. Right president safe major own million leg blood. Policy bar program blue thought choice.,Thomas,"['Performance', 'Schema Design']",2024-04-29T02:43:46,published,317
684e37270d6ea8bdb75124d8,Yourself fall catch may.,Sign region weight lot since chair. While character moment argue. Can enough pass affect Congress. Community receive number might leave some.,Ashley,"['Replication', 'Indexing']",2024-05-21T11:27:26,draft,209
684e37270d6ea8bdb75124d9,Close population truth investment beautiful spring.,Like much consumer local choice. Better response lead Republican human person per across. Cut firm country especially. Push help about treatment term. For talk time according skin. Light approach relate heavy space mouth quickly. Third side everyone. Produce soon time safe usually strategy six easy.,David,"['Sharding', 'NoSQL']",2023-10-11T08:07:56,published,136
684e37270d6ea8bdb75124da,Around thought including main rather probably.,Four now staff determine. Perhaps follow dream. Issue learn which activity attack. Music throw particularly lawyer kitchen sense. Onto hair your school staff.,Kevin,"['Aggregation', 'Indexing']",2025-02-20T03:56:44,draft,73
684e37270d6ea8bdb75124db,Best student person change north method.,Seem eye statement evening according. Prove skill cut teacher product shake. Middle artist avoid table laugh tax child kitchen. Body many time future here near wide. Animal need difference author class social. Color buy report military role city. Today check staff both treat.,Hannah,['Tutorial'],2023-07-19T06:24:40,draft,433
684e37270d6ea8bdb75124dc,Challenge art line choose where doctor.,Finally represent during strong summer card particularly. Building take name fall five night place cup. Never exactly so security. Respond painting ago final eye performance mouth laugh. Sort amount join message reflect never matter.,Hannah,['Security'],2024-06-10T00:28:22,draft,481
684e37270d6ea8bdb75124dd,Sometimes between against west pay natural board human.,Their responsibility support data trial. Wish it something number. Allow before friend job Mrs number. Action look response win life collection. Inside little story. Participant in daughter continue.,Michael,"['Aggregation', 'Replication']",2023-08-14T10:24:32,draft,338
684e37270d6ea8bdb75124de,Participant project once learn.,Enjoy quite order anything. Official choice form stop grow project film. Question action parent four describe have. Mention accept catch generation notice opportunity instead store. Option design crime goal technology. Result travel deep indicate around medical current. Page arrive challenge. Continue Democrat morning full entire. Either sign television imagine cut. Represent large wonder.,Erin,['Tutorial'],2024-12-16T21:41:02,draft,91
684e37270d6ea8bdb75124df,Peace result event morning that court.,Indeed health open daughter west continue policy. Specific increase high. Course building wear change dark. Congress adult person arrive sport answer. Three a Congress true give eight. Serve trial nation create four. Summer town sound risk. Live also memory meeting truth.,Tyler,"['Sharding', 'Performance', 'NoSQL']",2023-09-08T10:46:53,published,185
684e37270d6ea8bdb75124e0,Best several artist best probably.,Leader over majority impact figure but. Sure physical simple particular energy. While think attorney serious most either administration. Want bed along popular. Do return fire turn. Part fall already wear suggest.,Carrie,"['Replication', 'MongoDB', 'Sharding']",2025-04-18T06:44:24,draft,53
684e37270d6ea8bdb75124e1,Kid quickly learn piece sit.,Serious stop boy several democratic peace mean. Teach learn today different. Score people according. Live night leg none. Not control specific woman.,Tracie,"['Security', 'Indexing', 'CRUD']",2024-12-04T16:57:44,published,310
684e37270d6ea8bdb75124e2,Though official pressure.,Later sell professional his degree consumer my. Probably military one mind provide center table. Our record wall. Factor hard exactly reach player career media. Wait family Democrat southern history free. And PM onto. Place though somebody recent grow. Day foot activity. See morning side degree best soldier. Side significant wish care.,Kristy,"['Replication', 'Performance', 'MongoDB']",2024-06-11T05:35:58,published,131
684e37270d6ea8bdb75124e3,Management land friend write model change factor.,Thing life population people drive scene special. Suggest decide public director control include. Main market personal they feeling worker. Imagine foreign main tough. Receive current rock wide clearly natural black goal. Scene power successful include.,Ashley,"['CRUD', 'Tutorial', 'Performance']",2025-05-16T03:29:13,draft,133
684e37270d6ea8bdb75124e4,Day simply establish research listen sure Mrs.,Crime help shake according measure. Style center rather someone matter. Range study religious. Travel debate crime none. Own eye owner network dark water fall east. Think hard current sing amount investment cultural his. Station investment knowledge positive leg woman.,Jeffrey,"['Aggregation', 'Security', 'Indexing']",2025-05-06T17:47:23,published,85
